{"trial_id": "09", "hyperparameters": {"space": [{"class_name": "Choice", "config": {"name": "dense_neurons", "default": 16, "conditions": [], "values": [16, 32, 64], "ordered": true}}, {"class_name": "Choice", "config": {"name": "dropout_rate", "default": 0.1, "conditions": [], "values": [0.1, 0.2, 0.3, 0.4, 0.5, 0.6, 0.7], "ordered": true}}, {"class_name": "Choice", "config": {"name": "learning_rate", "default": 0.001, "conditions": [], "values": [0.001, 0.0001, 0.0005], "ordered": true}}], "values": {"dense_neurons": 16, "dropout_rate": 0.4, "learning_rate": 0.0005}}, "metrics": {"metrics": {"loss": {"direction": "min", "observations": [{"value": [0.2184513509273529], "step": 23}]}, "accuracy": {"direction": "max", "observations": [{"value": [0.8747926950454712], "step": 23}]}, "val_loss": {"direction": "min", "observations": [{"value": [0.1634119153022766], "step": 23}]}, "val_accuracy": {"direction": "max", "observations": [{"value": [0.9427860975265503], "step": 23}]}}}, "score": 0.1634119153022766, "best_step": 23, "status": "COMPLETED", "message": null}